,user_id,lot_id,quantity
71,1,1,500.000000
72,1,2,1003.869995
73,1,3,1017.910034
74,1,4,1000
75,1,5,1000
76,1,6,1003.840027
77,1,7,1000
78,2,1,1500.000000
79,2,2,996.130005
80,2,3,982.089966
81,2,4,1000
82,2,5,1000
83,2,6,996.159973
84,2,7,1000
